ID,Title,Location,Salary,Summary
https://kr.indeed.com/viewjob?jk=0c4a502533e74aac,"Research Intern, 2021",Google 4.3 서울,,"Algorithmic Foundations of Optimization. Experience with Python, C++ and other general purpose program languages. Preferred..."
https://kr.indeed.com/viewjob?jk=7d155eed9eceae77,[빅데이터 분석] 인턴,레드테이블 서울 종로구,"월급 2,000,000원","음식.관광 분야에 배경지식을 갖추신 분 Python, R, SQL, 통계프로그램... 서서류전형, 면접전형/ 우대사항음식.관광 분야에 배경지식을 갖추신 분 Python, R, SQL, 통계프로그램 등을 활용하여 데이터 정제, 분석, 모델..."
https://kr.indeed.com/viewjob?jk=979279a9428ebc27,Data Mining Specialist,Thermo Fisher Scientific 3.5 서울,,"Preferably understanding of analytics and business intelligence technologies... R, Python, Power BI or MS AI solutions"
https://kr.indeed.com/viewjob?jk=d17da0baecf05910,데이터 분야 경력,LG CNS 3.7 서울,,"해가 뛰어난 자 - R, Python, SAS, SQL 등 활용 역량 우대사항(해당 내용 중 1개 이상) - ML/DL 경험 인력 우대 - 관련 분야 석사 이상 학위 소지자 우대 - R, Python등 데이터분석 모델링 경험..."
https://kr.indeed.com/viewjob?jk=c16db6828cb26848,"자바스크립트, Python 신입/경력 정규직",데이터누리 서울 강서구,,"(주)데이터누리 자바스크립트, Python 신입/경력 정규직 채용 모집부문 및 자격요건 담당업무 자격요건 인원 JAVA / Python 개발 [자격요건]경력... 래머>자바스크립트|인터넷·IT·통신·모바일·게임>응용프로그래머> Python"
https://kr.indeed.com/viewjob?jk=2b2dcd3ffe3d53df,카카오 데이터의 가치를 발굴할 데이터 분석가 모집,카카오 4.0 성남 판교역,,"기술 통계량 이해 및 해석) 데이터 분석 업무를 수행할 수 있는 언어 스킬 필수 SQL 필수 R 또는 Python을 다룰 수 있는 분 (SAS, SPSS, GA, tableau 등 통계 툴만 사용 가능한 경우 제외) 하둡..."
https://kr.indeed.com/viewjob?jk=464ad076ec3e1fa0,CHC – Business intelligence - TOM_2136,Sanofi 4.1 서울,,"degree in related field Business-level experience with R, Python Experience owning the analytics and performance of a large..."
https://kr.indeed.com/viewjob?jk=0b13f40659a2d097,[의료원]신규 교직원(정규직),고려대학교의료원 4.0 대한민국,,"경력 보유자 우대 전산관련 자격증(정보처리기사, DB 등) 소지자 우대 데이터 분석 툴(R, Python, SPSS 등) 운용 가능자 우대 사원 (사서) 0명 문헌정보학과 학사학위 이상 소지자 정사..."
https://kr.indeed.com/viewjob?jk=a64e1e21f61265ce,각 분야별 인재 Pool 등록,지투알 서울,,"자 - 데이터 분석 툴(Adobe Analytics 또는 Google Analytics) 유경험자 우대 - Python, R, SQL 역량 보유자 우대 - 데이터에 기반한 문제해결 능력 및 통계학적 지식 보유자 우대 - 담당..."
https://kr.indeed.com/viewjob?jk=e4e7e2e0d73f981f,Data Scientist,Barbaricum 경기도 평택,,"Tools, and Techniques Demonstrated proficiency with R or Python, and SQL to manipulate data and draw insights from large..."
https://kr.indeed.com/viewjob?jk=aac8e9355cb855ac,[인재풀] 아티스트,Electronic Arts 서울,,Maya or 3D Max등의 아트웍 툴 사용 경험 Max script 또는 Mel Script의 사용 경험 C# 또는 Python 언어에 대한 이해 및 활용 능력 아트웍 관련 툴 제작 또는 플러그인 제작 경험
https://kr.indeed.com/viewjob?jk=6fc2719750916dd3,Deep Learning Engineer,Intel 4.1 서울,,MxNet - Strong programming skills with C/C++ and Python - Experiences in programming and testing on Linux environment...
https://kr.indeed.com/viewjob?jk=ac9068957c550cb3,데이터 전문가(모델러/분석가/엔지니어) 모집,카카오 4.0 성남 판교역,,대용량 데이터를 효율적으로 사용하기 위한 기반 데이터 가공 지원자격 데이터 사이언스를 위한 언어(R/ Python/Scala) 및 도구(scikit-learn/Spark MLlib/Tensorflow/Pytorch 등)를...
https://kr.indeed.com/viewjob?jk=be95b5718905880f,AI/빅데이터/클라우드 분야 (인재 Pool),LG유플러스 3.8 서울,,"의미한 인사이트 발굴 - R, Python, SQL 등 Statistics... 등)의 다양한 솔루션을 활용하여 서비스 개발 경험자 2) Java, Python 등 프로그래밍 개발 경험 보유자 3) Container 기반 서비스..."
https://kr.indeed.com/viewjob?jk=35ba221c73ad31a2,Data Engineer,Barbaricum 경기도 평택,,"data APIs, data modeling, and data warehousing solutions. R, Python, Ruby, C++, Perl, Java, SAS, SPSS, and Matlab. Strong..."
https://kr.indeed.com/viewjob?jk=8248de2f3c41ef06,Data Analyst,Barbaricum 경기도 평택,,"3 years of experience. Documented proficiency with R or Python, and SQL to manipulate data and draw insights from large..."
https://kr.indeed.com/viewjob?jk=641ae0914b7eb183,농업정책보험금융원 신규직원,농업정책보험금융원 서울,,"제출 통계 패키지*를 활용하여 통계, 응용통계 및 데이터 분석 업무 경력이 1년 이상인 자 * SAS, R, python 등 * 경력증명서(담당업무 혹은 소속부서로 업무 추정이 가능할 경우 소속부서가 명시되어야 함) 제출..."
https://kr.indeed.com/viewjob?jk=69f4620cb92eaa59,Intern - Research (Data Analysis),United Nations ESCAP 대전,,"analysis tools or programming languages (e.g. STATA, R, Python, etc... data visualization software (e.g. Tableau..."
https://kr.indeed.com/viewjob?jk=6985dbbbf83fb8c2,RPA Developer ( 1 year contract),UiPath 서울,,"object-oriented programming (C#, C++, VB, .NET, Java, or Python preferred). Those with more experience may be considered..."
https://kr.indeed.com/viewjob?jk=2b09f13b5790dd69,2021년 한화시스템 방산부문 프로젝트/기간제 엔지니어 채용(상시),한화그룹 4.2 서울,,분야 경험자 [우대 요건] 무인기 GCS 개발 유경험자 SW시험/분석 도구 개발 유경험자 C/C++/C#/ Python/JAVA 프로그래밍 숙련자 0명 판교 한화인1:1문의하기 활용 지휘통제-SW 계약기간 : 입사 시...
https://kr.indeed.com/viewjob?jk=7cb5c3076d1701db,"Field Applications Engineer, Audio",Dolby 서울,,"High level or detailed knowledge of SOC design. C/C++, python coding skills. Knowledge of music, audio/video production..."
https://kr.indeed.com/viewjob?jk=0064deb5fa9cbce0,데이터 사이언티스트 모집,카카오 4.0 성남 판교역,,"양한 실험을 통해 알고리즘을 개선합니다. 지원자격 지원자격 하나 이상의 프로그래밍 언어에 익숙한 분( Python, Java, C/C++, Scala 등) 머신러닝/딥러닝 오픈소스를 이용하여 1년 이상 특정 서비스에 모델..."
https://kr.indeed.com/viewjob?jk=9acc17c535b42959,2021년 (신입) 전문연구요원 모집,NHN 4.4 성남 판교역,,"병역특례 전문연구요원 - Python/C++/Java/C# 개발 경험... 유연한 사고와 원활한 커뮤니케이션 능력 우대 - C/C++, Python 등 개발 숙련자 우대 공통지원자격(필수) - 해당 분야 석사 이상..."
https://kr.indeed.com/viewjob?jk=dfb20fa220f3c478,"빅데이터, 인공지능(AI) 외 신입/경력 인턴",스칼라웍스 대한민국,,인공지능)>인공지능(AI)|인터넷·IT·통신·모바일·게임>빅데이터·AI(인공지능)>데이터분석|인터넷·IT·통신·모바일·게임>빅데이터·AI(인공지능)> Python|인터넷·IT·통신·모바일·게임>빅데이터·AI(인공지능)>딥러닝
https://kr.indeed.com/viewjob?jk=e934bb33ef71dacb,[EY한영] 금융감사본부 Data Analytics 전문 경력직 모집,Ernst & Young 4.0 대한민국,,총계정원장조정 경험자 - Python/R 등 프로그램 언어 활용 능력... PowerBI... Tableau Experience with Python/ R or other programming languages...
https://kr.indeed.com/viewjob?jk=1806287902a1a36e,[데이터센터] (경력/신입) 카카오 데이터센터 Data Scientist...,카카오 4.0 성남 판교역,,"않고, 기술이 비즈니스 가치로 변모할 수 있는 그 가능성에 집중합니다. 지원자격 필수사항 Go, Python, Scala, Java, C/C++ 중 하나 이상의 언어에 능숙하신 분 SQL 또는 HiveQL에 능숙하신..."
https://kr.indeed.com/viewjob?jk=429583eb3cd8a111,[한양대 에리카]기업부설연구소 연구원(신입/경력/인턴),워너버스이노베이션 안산 상록구,,NET|인터넷·IT·통신·모바일·게임>응용프로그래머>C#|인터넷·IT·통신·모바일·게임>응용프로그래머> Python|인터넷·IT·통신·모바일·게임>응용프로그래머>인공지능(AI)|인터넷·IT·통신·모바일·게임>응용프로그래머...
https://kr.indeed.com/viewjob?jk=69cc039b336a7d1a,Deep Learning Engineer - Intel Contract,Intel 4.1 서울,,"PyTorch, and Caffe - Strong programming skills with C/C++ and Python - Experiences in programming and testing on Linux..."
https://kr.indeed.com/viewjob?jk=dee1c9e840dc5691,Staff Field Applications Engineer,Dolby 서울,,"Dolby’s ecosystem, products, business, and customers. Python coding skills. Interest in music, game/film audio or video..."
https://kr.indeed.com/viewjob?jk=55a19c92c845685e,Developer / Designer recruit,마이뮤직테이스트 서울 논현동,,"language (i.e Python, Ruby, Java, .Net... High proficiency in Python... knowledge... least one Python web framework..."
https://kr.indeed.com/viewjob?jk=fb7671cb525c01d4,2021년 5월 경력사원,세메스 천안 서북구,,"역량 (C++, Python, Vision Library 등) AI... 머신러닝, 데이터마이닝 기반 데이터 분석 시스템 개발 경력 Python, R, SAS 등 프로그래밍 경력 부품 표준화 Etch/물류..."
https://kr.indeed.com/viewjob?jk=bfe0f5ac4f32ec89,추천 통계분석/데이터사이언티스트,카카오 4.0 성남 판교역,,"통계, 수학 관련 분야의 석사 또는 박사 학위 소지자 숙련된 데이터분석 능력 데이터 사이언스를 위한 언어( Python/R) 를 하나 이상 능숙하게 다룰 수 있으신 분 분석 결과를 설득력있게 전달할 수 있는 분 우대사항..."
https://kr.indeed.com/viewjob?jk=5d30d12b06f56d55,통신사프로젝트(SI/PYTHON/6개월/종각역),디와이즈 서울 서대문구,,"스킬: Python,분석설계 가능하신분 주식회사 디와이즈 [통신사 Python 개발자 모집] 모집부문 및 자격요건 모집부문 담당업무 및 자격요건 인원 통신사 PYthon 유지보수 [담당업무] · 통신사 Python 개발..."
https://kr.indeed.com/viewjob?jk=3b92a246b4535cd9,Senior Support Engineer (APAC),Dataiku 서울,,other database or BI technologies) Hands-on experience with Python... RWorking knowledge of various cloud technologies...
https://kr.indeed.com/viewjob?jk=44f16e94e3e6b589,"Staff Software Engineer, Maps & Navigati...",Tesla 서울,,"industry Fluency in English Proficient in one of C++, Python Experience writing and shipping customer-facing code High..."
https://kr.indeed.com/viewjob?jk=089931931a0474d5,소형전지사업부/기술혁신센터,삼성SDI 3.9 충청남도 천안,,"천안 전공분야 - 컴퓨터/시스템 전자/전기 기계/산공 전문지식 - Java, C#, C++, Python - Oracle (PL/SQL) - Automod, VisualComponent - 통신프로그래밍 경험..."
https://kr.indeed.com/viewjob?jk=acdfee714d718c41,Data Scientist 경력인재 - 글로벌 우량대기업,에스에프인촌 서울,,모바일·게임>빅데이터·AI(인공지능)>데이터분석|인터넷·IT·통신·모바일·게임>빅데이터·AI(인공지능)> Python|인터넷·IT·통신·모바일·게임>빅데이터·AI(인공지능)>데이터시각화디자이너|인터넷·IT·통신·모바일·게임...
https://kr.indeed.com/viewjob?jk=5d6fe86a441b59ba,Data Science Intern,Ace I&M Consulting 서울 중구,"월급 1,800,000원","projects on a time-series data. • Proficiency in SQL, Python, R (not required), MATLAB (not required), Java (not required..."
https://kr.indeed.com/viewjob?jk=858f63913f5b4feb,"Staff Engineer, Firmware Engineering",Western Digital 서울,,"C / C++ / Python language, debugging... high level languages (e.g., C, C++, Python). Additional Information Because..."
https://kr.indeed.com/viewjob?jk=29ddb00572f0d00b,Sr. Data Analyst,Amway Inc. 서울,,"more programming/scripting languages (e.g. SQL, SAS, R, Python). Experience using data visualization tools... Tableau..."
https://kr.indeed.com/viewjob?jk=392272f583594fd9,대기업 딥러닝 기반 영상처리 개발자 ( 판교),인파트너스 서울,,"Pytorch- Python, C/C++, Docker C/C++/C#... 머신러닝|인터넷·IT·통신·모바일·게임>빅데이터·AI(인공지능)> Python|인터넷·IT·통신·모바일·게임>시스템프로그래머>임베디드(Embedded)"
https://kr.indeed.com/viewjob?jk=ce4ab6c3e1b94ae2,Data Science Manager,NielsenIQ 서울,,automation and generalization. Working knowledge of Python or R. Knowledgeable with relational database management system...
https://kr.indeed.com/viewjob?jk=9a818d9d91db847d,Data Analytics SA,Amazon Web Services Korea LLC 서울,,"some relevant languages, tools and frameworks (e.g python, Java, R, scala, spark, Kafka, Hadoop ecosystem, presto, Hive..."
https://kr.indeed.com/viewjob?jk=6dd6df0289d55d06,Support Engineer,Microsoft 4.2 서울,,"script-based development environments and tools (PERL, Python, Ruby, PhP, etc.) • Experience in Core Linux administration..."
https://kr.indeed.com/viewjob?jk=5adad8124119dd14,Presales Specialist-Advanced Analytics &...,SAP 4.3 서울,,"Azure, or SAP Cloud Platform Programming expertise in C, C++, Python... R. Data modeling in both SQL & NoSQL Databases..."
https://kr.indeed.com/viewjob?jk=c50980a13561ae0d,기술연구소 웹개발(JAVA/ASP/Python) 및 웹디자이너,엔잡얼라이언스 서울 금천구,"월급 2,000,000원","직무내용] Java 기반 웹개발, 모바일웹개발 및 유지보수 Python 및 AI 개발자, 딥러닝/머신러닝 활용, TensorFlow 활용웹디자인 웹퍼블리싱ASP, MS-SQL기반 웹프로그램 개발 [근무시간 및 형태] 주 5일..."
https://kr.indeed.com/viewjob?jk=78e99625e5de3c95,전문연구요원 (병역특례) 수시 (AI / HW 분야),딥엑스 성남 분당구,"연봉 40,000,000원 - 100,000,000원","모델의 RTL IP 설계 및 IP 검증 가능자 - Language: Python/Perl, C/C++ [우대 조건] - ARM based SoC 설계... Linux, shell, tcl, python, perl 사용 원활..."
https://kr.indeed.com/viewjob?jk=7df915e1f0f86b2d,Software Architecture 설계 엔지니어,딥엑스 성남 분당구,"연봉 40,000,000원 - 100,000,000원",경험 - Windows/Linux 상에서 C++/ Python 언어 사용 개발 경험 - C++ / Python 언어 사용 개발 경험 - 객체지향 설계에... 게임>빅데이터·AI(인공지능)> Python|인터넷·IT·통신·모바일·게임...
https://kr.indeed.com/viewjob?jk=8f63a89550782d70,Solutions Architect for GPU Data center...,NVIDIA 서울,,"Electrical/Computer Engineering. Good Programming Capability with Python, C/C++. Good understanding in fundamental theories..."
https://kr.indeed.com/viewjob?jk=df21e3bb5d773616,Python Programmer,Mofac 서울 서초구,,개발 – JAVA 프로그래밍(라이브러리 활용) – Spring 프레임 워크 개발 – Python API 프로그래밍 우대사항 – Python 개발 경험 – Open Source 라이브러리 개발경험 – Web 표준에 대한 경험...
https://kr.indeed.com/viewjob?jk=c50980a13561ae0d,기술연구소 웹개발(JAVA/ASP/Python) 및 웹디자이너,엔잡얼라이언스 서울 금천구,"월급 2,000,000원","직무내용] Java 기반 웹개발, 모바일웹개발 및 유지보수 Python 및 AI 개발자, 딥러닝/머신러닝 활용, TensorFlow 활용웹디자인 웹퍼블리싱ASP, MS-SQL기반 웹프로그램 개발 [근무시간 및 형태] 주 5일..."
https://kr.indeed.com/viewjob?jk=78e99625e5de3c95,전문연구요원 (병역특례) 수시 (AI / HW 분야),딥엑스 성남 분당구,"연봉 40,000,000원 - 100,000,000원","모델의 RTL IP 설계 및 IP 검증 가능자 - Language: Python/Perl, C/C++ [우대 조건] - ARM based SoC 설계... Linux, shell, tcl, python, perl 사용 원활..."
https://kr.indeed.com/viewjob?jk=7df915e1f0f86b2d,Software Architecture 설계 엔지니어,딥엑스 성남 분당구,"연봉 40,000,000원 - 100,000,000원",경험 - Windows/Linux 상에서 C++/ Python 언어 사용 개발 경험 - C++ / Python 언어 사용 개발 경험 - 객체지향 설계에... 게임>빅데이터·AI(인공지능)> Python|인터넷·IT·통신·모바일·게임...
https://kr.indeed.com/viewjob?jk=b647e33d03c852bb,[Data Science Div - PUBG Studio Analytic...,PUBG 서울,,"data science and visualization libraries in Python or R Strong oral, organizational, and written communication skills..."
https://kr.indeed.com/viewjob?jk=b574f1454ae36aab,Cross Border Ecommerce - Business Intell...,Shopee 서울,,business analyst related roles Proficient in SQL and Python Strong analytical skill and sensitivity to data Strong oral...
https://kr.indeed.com/viewjob?jk=fc6317c643204ee2,[무료교육/취업코칭] 데이터 분석 프로젝트 과정 교육생 (2021년 혁신...,SK플래닛 Tacademy 성남 분당구,,통신·모바일·게임>빅데이터·AI(인공지능)>데이터분석|인터넷·IT·통신·모바일·게임>빅데이터·AI(인공지능)> Python|인터넷·IT·통신·모바일·게임>빅데이터·AI(인공지능)>머신러닝|인터넷·IT·통신·모바일·게임>빅데이터...
https://kr.indeed.com/viewjob?jk=f069d006ba3ffa5a,(신입/경력) AR&AI 엔지니어,플레이스에이 성남 분당구,,"Engine 중 1개 이상 능숙하게 다룰 수 있다 - C, C++, Python 등 프로그래밍 언어 중 1개 이상 능숙하게 다룰 수 있다... 다룰 수 있다 - C, C++, Python 등 프로그래밍 언어 중 1개..."
https://kr.indeed.com/viewjob?jk=209acd51dcd51816,(주)엘솔루 음성인식팀 개발직,㈜엘솔루 서울,,인터넷·IT·통신·모바일·게임>응용프로그래머>머신러닝(ML)|인터넷·IT·통신·모바일·게임>응용프로그래머> Python|무역·영업·판매·매장관리>기술영업>SI(Solution·System)|무역·영업·판매·매장관리>기술영업...
https://kr.indeed.com/viewjob?jk=2b9e604e63e7e46d,[카카오커머스] 기술직군,카카오커머스 성남 분당구,,"우대사항 - 전자금융 감독규정, PCIDSS에 대한 실무 경험이나 이해도가 높으신 분 - JAVA, Python, shell script 등 개발 역량을 갖추신 분 - 웹/앱 취약점 진단 및 모의해킹 역량을 갖추신..."
https://kr.indeed.com/viewjob?jk=c0ffa15d7b0a267f,춘천성심병원 인공지능센터 연구원 채용 공고,한림대학교춘천성심병원 강원도 춘천,,데이터 구축 및 관리 데이터 수집 파이프라인 구축 및 표준화 데이터 분석 및 python 코딩 CDM 매핑 관련 업무 석사 학위 취득자 python 딥러닝 코딩 가능자 CDM 경험자 우대 서버관리 경험자 우대 계약직 2...
https://kr.indeed.com/viewjob?jk=263183184ffb85ed,[메이저그룹계열 리딩 IT 기업] AI 플랫폼 개발,yesconsulting 서울,,"및 Kubernetes 컴퓨팅 환경에서 서비스 개발 경험- 기본적인 네트워크, 스토리지에 대한 이해- Python을 활용한 서비스 개발 경험- 신기술 습득 능력 및 도전 정신이 뛰어난 분 【우대사항】 - 오픈소스..."
https://kr.indeed.com/viewjob?jk=36df1dfea186e63e,BIOS/Firmware Engineer,Intel 4.1 서울,,"years experience required on BIOS/Firmware - Knowledge of C, Python... other programming or scripting languages - Broad..."
https://kr.indeed.com/viewjob?jk=af73d7379a513a09,(주)엘솔루 서비스기획 관리자,㈜엘솔루 서울,,통신·모바일·게임>웹프로그래머>HTML·DHTML·mHTML|인터넷·IT·통신·모바일·게임>웹프로그래머> Python|재무·회계·경리>세무·회계>회계|재무·회계·경리>세무·회계>전산회계|재무·회계·경리>세무·회계>회계감사
https://kr.indeed.com/viewjob?jk=a1847e26c0c636e9,Customer Quality Engineer for RFFE (Seni...,Qualcomm CDMA Technologies (Korea) YH 서울,,"Reliability Engineer (CRE) - ASQ Skills: Php Mysql, Python, QA Methodologies, SQL Script, Troubleshooting Applicants..."
https://kr.indeed.com/viewjob?jk=f19570eec60890c1,2021년 혁신성장 청년인재 집중양성사업 인공지능 / 큐레이터 과정 교육...,한국아이티비즈니스진흥협회 서울 강남구,,통신·모바일·게임>빅데이터·AI(인공지능)>데이터분석|인터넷·IT·통신·모바일·게임>빅데이터·AI(인공지능)> Python|인터넷·IT·통신·모바일·게임>빅데이터·AI(인공지능)>머신러닝|인터넷·IT·통신·모바일·게임>빅데이터...
https://kr.indeed.com/viewjob?jk=ffe6ea49b31384fa,혁신성장 청년인재 집중양성 인공지능 창의융합형 인재 양성과정,에프앤이노에듀 서울,,게임>웹프로그래머>백엔드|인터넷·IT·통신·모바일·게임>웹프로그래머> Python|인터넷·IT·통신·모바일·게임>응용프로그래머>C#|인터넷·IT·통신... 게임>빅데이터·AI(인공지능)> Python|인터넷·IT·통신·모바일·게임...
https://kr.indeed.com/viewjob?jk=b2260d1fb794c644,Cloud Support Engineer - Linux,Amazon Web Services Korea LLC 서울,,"NoSQL(Redis, Memcached). · Programming/scripting in Python/Java/Shell/Perl/Ruby/PHP/etc. · Experience managing full..."
https://kr.indeed.com/viewjob?jk=c41c0a3426344063,"각 부문별(디지털, 글로벌AE, 제작관리) 경력사원",지투알 서울,,"Analytics 또는 Google Analytics) 경험자 - Python, R, SQL 역량 보유자 - 마케팅 관련 정량 분석 경험자 - 데이터... 영어 가능자 우대 - R, Python 활용 가능자 근무지 : 본사(마포..."
https://kr.indeed.com/viewjob?jk=a47b7e97d5e45c9c,TEAM LEAD,Harman International 경기도,,"your technology knowledge in Product Security, Android, Python, System, Software, and Hardware Architecture, and System..."
https://kr.indeed.com/viewjob?jk=752a4b5d63eac97c,Back-end Engineer (Python),Soomgo 서울 강남구,,숨고의 백엔드 엔지니어( Python)는 숨고의 기반 기술을 담당하는 매우... 5년 이상의 웹/앱 서비스 백엔드 시스템 개발 경험이 있는 분 • Python 언어를 활용한 개발 경험이 있는 분 • 성능 최적화에 대해 지속적으로...
https://kr.indeed.com/viewjob?jk=ee9712110ac151a2,(주)솔리메틱스 - Python 프로그램 개발자,솔리메틱스 강원도 춘천,"연봉 25,000,000원 - 40,000,000원",직무내용] Python 프로그래밍 개발자Java + Python 개발 경력자 (우대) [근무시간 및 형태] 주 5일 근무 (오전) 9시 00분~(오후) 6시 00분 주소정근로시간 : 40시간 [급여조건] - 연봉...
https://kr.indeed.com/viewjob?jk=6ffc6777e4269d57,Telecom Support Engineer,Amazon Web Services Korea LLC 서울,,"Java or solving complex problems in Python, the ideal candidate will love using... complex problems in Python, the ideal..."
https://kr.indeed.com/viewjob?jk=fec4bd361c177418,Associate Cloud Developer,Amazon Web Services Korea LLC 서울,,"languages: Java, Python, Ruby, Node.js... 동등한 수준의 STEM 관련 분야 학사 학위 혹은 경험 · Java, Python, Ruby, Node.js, C # 또는 C ++ 중 하나 이상의..."
https://kr.indeed.com/viewjob?jk=3d8c890cd0f75b23,Field Code Scanning Architect,Github 서울,,"languages: C, C++, C#, JAVA, JavaScript/TypeScript, Python, Haskell, Ruby and Go. Experience with relational databases..."
https://kr.indeed.com/viewjob?jk=6222ccd51e1464f0,Application Architect,Amazon Web Services Korea LLC 서울,,"C#, Swift, Node.js, Python, Go, or Ruby... JavaScript, C / C ++, C #, Swift, Node.js, Python, Go 또는 Ruby 중 두 개 이상의 언어를 활용한 코딩..."
https://kr.indeed.com/viewjob?jk=ea0fe8417eb67c8d,SK M&Service DBM/CRM분석 담당 경력 구성원 영입,SK M&Service 서울특별시,,"DB 추출 역량 Web/App. Log Data분석 역량 SPL, R, Python을 이용한 데이터 분석 역량 (SQL필수, R/ Python 선택적) Excel 활용 및 Data Handling 역량 마케팅 정형/비정..."
https://kr.indeed.com/viewjob?jk=73135d5640b648a8,(HW 직군) FPGA 설계,한화그룹 4.2 서울,,"SW Tool 활용, HW RTL, FPGA 주변 HW 회로 이해 및 설계 보유역량 - C, C++, python 가능, VHDL, Verilog HDL 경험 - FPGA SW(Xilinx) 및 HW 설계 경험 - 기본..."
https://kr.indeed.com/viewjob?jk=25725b3c0e607311,Junior Quant Trader,Byzantine Partners 서울,,background is a plus Programming capability is mandatory (i.e. Python) Understanding of machine learning algorithm is a plus...
https://kr.indeed.com/viewjob?jk=edf8d34357ba0747,Web Full-Stack Engineer,NVIDIA 서울,,related field. Proficiency in one of Java/Typescript/ Python programming languages. Familiarity with front-end frameworks...
https://kr.indeed.com/viewjob?jk=e64d2f1e2de938b4,Solutions Architect,Amazon Web Services Korea LLC 서울,,"languages... Ruby, Python and Node... 현대 개발 언어에 대한 실무적 지식: 루비 (Ruby), 파이썬 ( Python), Node.js 등 · 개발자 및 IT 운영자 대상의 신기술 전파에..."
https://kr.indeed.com/viewjob?jk=abbb8df34c660e0a,"빅데이터, (AI)인공지능 외 신입/경력 인턴 (정규직전환)",스칼라웍스 서울 금천구,,인공지능)>인공지능(AI)|인터넷·IT·통신·모바일·게임>빅데이터·AI(인공지능)>데이터분석|인터넷·IT·통신·모바일·게임>빅데이터·AI(인공지능)> Python|인터넷·IT·통신·모바일·게임>빅데이터·AI(인공지능)>딥러닝
https://kr.indeed.com/viewjob?jk=d4918dbd39fc969f,퀀트연구원 Quantitative Researcher,디에스파트너즈그룹 서울,,트너즈그룹 정대석대표입니다.아래와 같이 우수 인재 영입건 있어 공지하오니 관심 있으신분 연락바랍니다. 인터넷·IT·통신·모바일·게임>ERP·시스템분석·설계>데이터분석|인터넷·IT·통신·모바일·게임>응용프로그래머> Python
https://kr.indeed.com/viewjob?jk=39ccd72cab530083,의료기기 기구설계 정규직,다인그룹 경기도 김포,,"험자• 이미지 가공 및 처리 경험자• 하드웨어 입력 처리 경험자• 경력: 3년~10년[우대사항]• Java, Python, C++, C# 최소한 한가지 이상의 주요 언어에 능통하신 분• PACS, DICOM, HL7 등 의료..."
https://kr.indeed.com/viewjob?jk=d53c1e2dbb7cf02c,Associate Solutions Architect,Amazon Web Services Korea LLC 서울,,"languages... Ruby, Python and Node... 현대 개발 언어에 대한 실무적 지식: 루비 (Ruby), 파이썬 ( Python), Node.js 등 · 개발자 및 IT 운영자 대상의 신기술 전파에..."
https://kr.indeed.com/viewjob?jk=7167a9017f74cb92,프로그래머 신입/경력 정규직,스타플러스 서울 서초구,,용이 취소될 수 있습니다. 인터넷·IT·통신·모바일·게임>웹프로그래머> Python|인터넷·IT·통신·모바일·게임>웹프로그래머>웹개발|인터넷·IT·통신... 통신·모바일·게임>응용프로그래머> Python|인터넷·IT·통신·모바일·게임...
https://kr.indeed.com/viewjob?jk=57bb567ca6eeaca1,연구소 개발부문 연구원 직원 (회로설계/하드웨어설계/머신비전/이미지프로세...,모든 경기도 광명,"연봉 42,000,000원 - 46,000,000원","프로그래밍 가능자 우대S/W 설계 부문 : - OPEN CV, TENSORFLOW, YOLO, CUDA/ Python, C++, C WindowsGUL APL, MFC Lib 활용 가능자. 머신비전/ 영상처리 개발자* 전기..."
https://kr.indeed.com/viewjob?jk=bca74f8f09d404ad,주식 투자 분야 PYTHON 백엔드 개발자,주)씽크풀 서울 영등포구,,통신·모바일·게임>빅데이터·AI(인공지능)>빅데이터|인터넷·IT·통신·모바일·게임>빅데이터·AI(인공지능)> Python|인터넷·IT·통신·모바일·게임>빅데이터·AI(인공지능)>머신러닝|인터넷·IT·통신·모바일·게임>데이터베이...
https://kr.indeed.com/viewjob?jk=75e64d95c3cb82a4,데이터 분석가 웹프로그래머 python java,메디치소프트 서울 마포구,"연봉 24,000,000원","1 인근지하철 직무내용 1.데이터 분석, 데이터 기획 2.인공지능 딥러닝 처리 및 관련 사용언어 : python 및 java 가능자 사용db : 몽고 db 전공 : 컴퓨터 과학관련자 경력조건 경력 필요경력 2년 0개월..."
https://kr.indeed.com/viewjob?jk=166aa0c72e94a266,Business Data Analyst,Soomgo 서울 강남구,,"즈니스에 적용하고 개선한 경험 (Google Optimize, Optimizely, 등) 우대사항 • Python 또는 R 을 사용하여 데이터 분석에 활용 가능 • 경영학, 통계학, 경제학, data analysis 등..."
https://kr.indeed.com/viewjob?jk=59db18a2366b2c92,AI 분야 석/박사,LG CNS 3.7 서울,,"이상 (AI 관련 논문 발표) ② AI/딥러닝 알고리즘 연구개발 프로젝트 경험 ③ Ubuntu Linux, Python, Tensorflow, PyTorch 사용 중상급 이상 우대사항(해당 내용 중 1개 이상) ① AI/머신..."
https://kr.indeed.com/viewjob?jk=5fabc892216e1c62,[Data Science Div - Business Insights De...,PUBG 서울,,"analytics... digital, consumer facing company Knowledge of Python and Spark Experience with large individual customer..."
https://kr.indeed.com/viewjob?jk=f82d43304292790f,Security Engineer,Amazon Web Services Korea LLC 서울,,"C, and C++ · Experience with scripting languages... Python, Perl, or Ruby Amazon Devices designs and engineers high..."
https://kr.indeed.com/viewjob?jk=2aafa4758d58da3d,"[W컴퓨터학원] C언어, JAVA 기초 강의 진행 강사",더블유컴퓨터아트학원 서울 종로구,,인터넷·IT·통신·모바일·게임>응용프로그래머>VisualC|인터넷·IT·통신·모바일·게임>응용프로그래머> Python|교육·교사·강사·교직원>IT·문화·직업강사>인터넷·IT전문|교육·교사·강사·교직원>IT·문화·직업강사>프로그...
https://kr.indeed.com/viewjob?jk=a746de9c7a6168ef,Healthcare Real World Data Analyst 담당자,IQVIA 서울,,"HEOR 전반적인 업무 수행 Qualifications Claims Data 관련 분석 경력자 SAS / Python / R 등 통계 프로그래밍 언어 사용 가능자 통계학 전공자, 통계 및 Epidemiology 관련 석사..."
https://kr.indeed.com/viewjob?jk=55584c627df1acaa,데이터 분석가/사이언티스트(신입/인턴 가능),쏘카 제주도 제주,,"Sheet) 등 데이터 분석 도구를 원활히 다루시거나, 앞으로 원활히 다루고자 하는 의지가 높으신 분 • Python, R 등의 프로그래밍 언어 혹은 데이터 분석 언어를 1개 이상 능숙하게 사용 가능하신 분 전형절차 서류..."
https://kr.indeed.com/viewjob?jk=c8c02d6751fce8a8,Python 경력 정규직,브라이트컨설팅 서울 강남구,,브라이트컨설팅 Python 경력 정규직 채용 모집부문 및 자격요건 담당업무 자격요건 인원 [자격요건] 경력사항: 경력(7년 이상 12년 이하) 학력사... 수 있습니다. 인터넷·IT·통신·모바일·게임>응용프로그래머> Python
https://kr.indeed.com/viewjob?jk=ce7849f8b35e1c3e,Technical Enablement Manager,DataDog 서울,,"Kubernetes or Rancher etc.. Scripting languages like Python, Javascript, Ruby, Perl, Go, PHP, or Chef/Puppet etc.. Why You..."
https://kr.indeed.com/viewjob?jk=1e974ff27c6eb340,Autonomous Driving 분야 엔지니어,포티투닷 서울 강남구,,"프로그래밍 기술 (C/C++, Python 등) - 이동 로봇/드론 관련... platform 개발 경험 - 뛰어난 프로그래밍 기술 (C/C++, Python) - 3D geometry, math, physics 관련 경험 및..."
https://kr.indeed.com/viewjob?jk=3b88e473dddfdaaf,"[해외취업] 힙합의류 쇼핑몰, 웹 개발자 - 째끼롸웃",아이씨엔그룹 서울 역삼동,"연봉 34,000,000원 - 46,000,000원","그 외 자격요건 1. Must be proficient in HTML, CSS, JavaScript and Python 2. Working knowledge of Databases. 3. Should have working..."
https://kr.indeed.com/viewjob?jk=1502306577f8b10a,"Solutions Architect, Manufacturing Speci...",Amazon Web Services Korea LLC 서울,,"getting hands dirty with code/scripting (e.g., Java, Python, C# / .NET, Node.js). · Business level English for both written..."
https://kr.indeed.com/viewjob?jk=14d562d10c215572,"PHP, Python 신입/경력 정규직",비즈부스터 서울 금천구,,"주식회사 비즈부스터 PHP, Python 개발자 채용 모집부문 및 자격요건 담당업무 자격요건 인원 [담당업무]*당사의 서비스(비즈탑) 솔루션 및 서비... 프로그래머>PHP |인터넷·IT·통신·모바일·게임>웹프로그래머> Python"
https://kr.indeed.com/viewjob?jk=1502306577f8b10a,"Solutions Architect, Manufacturing Speci...",Amazon Web Services Korea LLC 서울,,"getting hands dirty with code/scripting (e.g., Java, Python, C# / .NET, Node.js). · Business level English for both written..."
https://kr.indeed.com/viewjob?jk=2c4c5856662783e7,Data Analyst,IQVIA 서울,,learning / predictive modeling ) • 통계 프로그램 활용 능력 SAS / R / Python 중 최소 1가지 중급 이상의 활용능력 요구 • Communication Basic English...
https://kr.indeed.com/viewjob?jk=385761a6f14de7c6,데이터분석가,RIDI Corp 서울,,"데이터에 기반한 사고 능력 통계 기본 지식 및 모델링에 대한 이해와 활용 가능 데이터 처리 언어 (R, Python, Scala) 사용 경험 우대사항 리디 서비스 사용 경험 통계 모델링 또는 머신러닝 경험 데이터 시각화..."
https://kr.indeed.com/viewjob?jk=917f17953cc92dd0,글로벌 오픈소스 웹 백엔드 개발자,링크업인포텍 서울 마포구,"월급 2,400,000원 - 2,600,000원","통합. [Platform Env] Programming Languages: Python & Javascript Database: PostgreSQL... 개발 한 것에 대한 책임 [자격요건] Python, Javascript..."
https://kr.indeed.com/viewjob?jk=bc5131eb1f2981cb,이공지능(AI) / 딥러닝 / Computer Vision 경력자 정규직,더블미코리아 서울 서초구,,관련분야 석사 학위 이상 또는 개발 경험 2년 이상 • C++ / Python / OpenCV 개발 경험 [우대사항] • 딥러닝/컴퓨터버젼 관련... 통신·모바일·게임>응용프로그래머> Python|인터넷·IT·통신·모바일·게임...
https://kr.indeed.com/viewjob?jk=80a65fe76f39fe46,[PUBG: NEW STATE] Data Analyst,PUBG 서울,,"https://stackshare.io/pubg/xtrm-data 자격 요건 관련 경력 2년 이상 Python, SQL 등을 활용한 데이터 분석 경험자 데이터 시각화에 관심 많으신 분 한국에 거주하며, 한국어 의사소통..."
https://kr.indeed.com/viewjob?jk=79d51413840f92a2,(HW 직군) 카메라 ISP/SoC 설계 및 검증,한화그룹 4.2 서울,,"Language 필수, Python 가능 - Image Processing... 설계, System-Verilog 및 UVM 설계 - C/C++, Python 가능, Timing report 분석 가능(DC, PT) O명 판교..."
https://kr.indeed.com/viewjob?jk=b86da88c2546f564,"Software Engineer, University Graduate",Google 4.3 서울,,"languages, including... limited to: Java, C/C++, Python, JavaScript, or Go. Experience working with one or more from..."
https://kr.indeed.com/viewjob?jk=e8abe98a79dfc9aa,정보 보안 운영 관리 엔지니어,이스트게임즈 서울 서초구,,"각종 해킹 시도 분석)- 각종 보안 시스템 구축 및 운영 관리(IPS, 웹 방화벽)- 업무 자동화 툴 개발( Python , Bash, PHP, C# 등) [자격요건]- 정보 시스템에 대한 기본적 이해도가 높은자(Windows..."
https://kr.indeed.com/viewjob?jk=54e0d08c99dcf507,MI(Market Intelligence)담당 마케팅 전략 경력사원,LG전자 3.8 서울 영등포구,,"AL이상 성적에 대하여 1개 이상 보유 4) 우대 사항 - 통계 분석 및 프로그래밍 언어 역량 보유: R, python, Java, SPSS, Tableau, etc. - 영어 능통 역량: 해외법인과 영어 화상 회의 및 현지..."
https://kr.indeed.com/viewjob?jk=83f36f280c990457,Data Center Operations Engineer,Amzn Corporate Services Korea 서울,,"vendors · Scripting skills - Bash, Python, Perl, etc. · Project coordination... 스크립팅 기술 - Bash, Python, Perl 등 보유자 · 프로젝트..."
https://kr.indeed.com/viewjob?jk=368e303e15b6bdb7,AI Engineer,GE Appliances 경기도 성남,,"lite, TensorRT. 5+ years of programming experience in Python, C/C++ Experiences working on deep learning model optimization..."
https://kr.indeed.com/viewjob?jk=b621e8783c52c14d,"빅데이터, 인공지능(AI) 외 신입/경력 정규직",에스알유니버스 서울 마포구,"연봉 21,870,000원 - 25,000,000원","력사항: 신입, 경력(연차무관)학력사항: 대학(2,3년)졸업직무기술: Python, openCV, 머신러닝/딥러닝, 개발자, 어플리케이션개발, 빅데이... 무관 (신입도 지원 가능) 1. python 중상, 인터넷·IT·통신·모바..."
https://kr.indeed.com/viewjob?jk=6084c350a85a4e58,Industrial Engineer - Korea,BOEING 부산,,"region. Proficiency in programming languages (ie. SQL, Python) Experience programming in Tableau or other data..."
https://kr.indeed.com/viewjob?jk=419692b3ddb34768,Analytics Specialist,MightyHive 서울,,"end languages ( Python, NodeJS, PHP, etc... HTML5 / CSS / JavaScript, 기타 프론트 엔드 언어 ( Python, NodeJS, PHP 등) 등 읽고 쓰는 능력 기본 혜택..."
https://kr.indeed.com/viewjob?jk=e8a4630bec0783e8,2021 Market Data Analyst - Seoul,Bloomberg 서울,,"work experience using one more programming language... Python, SQL and R Fluency in Korean and English (both spoken..."
https://kr.indeed.com/viewjob?jk=443a1417c362c59e,"파이선, 파이썬(python) 개발자",오토리더 인천 연수구,,직무내용] *자격요건ㆍ학력 : 4년대졸ㆍ경력 : 신입·경력ㆍIT전공자이거나 그에 준하는 경력 보유ㆍ기술스텍이 다소 부족하여도 학습의지가 있는 분 *우대사항ㆍIT관련 전공 또는 관령 자격증ㆍ파이썬 기반의 프로그램 수행ㆍ경력...
https://kr.indeed.com/viewjob?jk=f014d6c9744121e1,Security Engineer - Ubuntu,Canonical - Jobs 서울,,"new systems and techniques quickly You are skilled in C, Python, and other programming languages You can develop automated..."
https://kr.indeed.com/viewjob?jk=37d376a03259d4bf,"웹개발, Python 외 경력 정규직",헬스브리즈 서울 금천구,"연봉 35,000,000원 - 50,000,000원","어감. (주)헬스브리즈 웹개발, Python 외 경력 정규직 채용 모집부문... 웹개발자기타: 개발도구- Python을 주로 활용하여 Microservice Architecture를 구축- Python 이외 .NET 을 이용한..."
https://kr.indeed.com/viewjob?jk=1961cdd73f62c880,"Specialized Solutions Architect III, DW",Amazon Web Services Korea LLC 서울,,"Knowledge... least one or more programing languages... Python, Java and Scala. · Hands on experience leading large..."
https://kr.indeed.com/viewjob?jk=8af26b37623864c4,8퍼센트 개발자 (신입/경력),8퍼센트 서울 종로구,,개발 금융 데이터 분석과 분석 플랫폼 운영 자격요건 컴퓨터 전공자 또는 웹 개발 경력 1년 이상 우대사항 Python 코드를 무리 없이 읽으실 수 있는 분 Linux/Mac 사용 가능한 분 새로운 기술에 대한 호기심을 가지신...
https://kr.indeed.com/viewjob?jk=3330430ae94277db,[타다]데이터 분석가/사이언티스트,쏘카 제주도 제주,,"통계에 대한 지식 및 머신러닝에 대한 지식을 보유하고 있으며, 데이터 분석 실무 경험이 풍부하신 분 • R, Python(Pandas, Numpy, Scikit-learn) 등의 데이터 분석을 위한 언어를 1개 이상 능숙하게..."
https://kr.indeed.com/viewjob?jk=645e3b85513f69f6,포항공과대학교 포항가속기연구소 정규직 직원,포항공대가속기연구소 포항 남구,,"개발 경험 보유자 기술직 EUV 가속기 제어 ○명 [필수자격] - 전문학사 학위자 이상 - C, C++, Python, GUI program 사용 가능자 - Linux 사용 가능자 - TOEIC 기준 650점, TOEFL..."
https://kr.indeed.com/viewjob?jk=094f2d843194ea1f,AppArmor Security Engineer,Canonical - Jobs 서울,,"grasp of Linux security technologies You are skilled in C, Python, and other programming languages You have experience..."
https://kr.indeed.com/viewjob?jk=5d0ef9b5f9746e74,BootStack APAC Engineering Manager,Canonical - Jobs 서울,,"professional experience of either software delivery using Python, Go, C, C++, Java, or similar... managing operations..."
https://kr.indeed.com/viewjob?jk=e97e5ff34697d5a9,[KRAFTON] 음성 (TTS/STT) 딥러닝 엔지니어,PUBG 서울,,험을 보유하신 분 독창적인 기술 제시 및 문제 해결을 위한 프로그래밍 능력을 보유하신 분 (C/C++/ Python/shell 등) 오픈소스 기반 딥 러닝 프레임워크 활용 능력을 보유하신 분 (PyTorch/TensorFlow...
https://kr.indeed.com/viewjob?jk=5e7dc1196f13b938,"NAVER, LINE 서비스 플랫폼 운영",NIT Service 성남 삼평동,,"유하신 분 - 프로그래밍 언어( python, java, c언어 등) 초급... System, WEB/WAS, DB운영 경험 - 프로그래밍 언어( python, java, c언어 등) 중급 이상 - 국가보훈대상자 및 장애인은..."
https://kr.indeed.com/viewjob?jk=116009dbf59211ed,퍼즐데이터 역량있는 데이터 분석가,주식회사퍼즐데이터 서울 역삼동,,"데이터 마이닝 및 통계분석에 대한 전반적인 이해 3. 관련분야(산업공학, 통계 등) 전공 4. R or Python 사용 능력 * 이런 분은 더욱 좋아요. 1. 프로세스 마이닝 지식 보유자 2. 관련분야 대학원 전공 3..."
https://kr.indeed.com/viewjob?jk=f21889e79ef40569,Senior AI/ML Consultant,Amazon Web Services Korea LLC 서울,,Experience using Python... R · Able... 또는 데이터 과학자 이력. 머신러닝 또는 딥러닝 모델 구축 경험 · Python 및 / 또는 R 사용 경험 · 우수한 프로덕션 레벨의 코드 구현 및...
https://kr.indeed.com/viewjob?jk=c3fe1cbc5e1ae20b,Technical Support Representative(사원급),IBM 3.9 서울,,"k8s, Cloud, Dev/Ops 등 최신 IT 기술에 대한 학습 및 구현 경험 • Java, Python 등을 활용한 오픈소스 관련 개발 경험 Required Technical and Professional..."
https://kr.indeed.com/viewjob?jk=662beff5f293820b,AR/VR SDK 개발자 모집,카카오 4.0 성남 판교역,,"iOS 및 PC/Web 플랫폼향 API 개발 (C++, Java/Kotlin, ObjC/Swift, Python, Javascript) 멀티플랫폼 패키징 및 배포시스템 개발, 유지보수 모바일 최적화 및 플랫폼 이슈 대응..."
https://kr.indeed.com/viewjob?jk=d31ab9cefeeef71b,[최고인기과정] 게임 각 분야 국비지원 교육 참여자,SGA 서울게임아카데미 서울 종로구,,백엔드|인터넷·IT·통신·모바일·게임>웹프로그래머>프론트엔드|인터넷·IT·통신·모바일·게임>웹프로그래머> Python|인터넷·IT·통신·모바일·게임>응용프로그래머>C·C++|인터넷·IT·통신·모바일·게임>응용프로그래머>JAVA...
https://kr.indeed.com/viewjob?jk=8b8c40d13690ad95,Unity S/W 개발자,엠앤앤에이치 서울 성동구,"연봉 30,000,000원 - 45,000,000원",ㆍ우대 사항3D 콘텐츠 개발 경험 (VR/AR)커뮤니케이션 (문서 작성 및 토론 능력)Unreal 개발 능력 Python 등 script 언어 사용MacOS / Linux 개발 환경 경험근무위치 : 서울 서울숲 IT 밸리업계...
https://kr.indeed.com/viewjob?jk=9b21361e61f2dd4b,(주)엘솔루 웹 개발자,㈜엘솔루 서울,,Stack 개발 유경험자. Javascript / React / Python / NodeJS 개발 유경험자 Node.js 개발 유경험자 HTML 5... ㆍJavascript / React / Python / 인터넷·IT·통신...
https://kr.indeed.com/viewjob?jk=18b288e9021d899f,NAVER IDC 서버 운영/관리,NIT Service 춘천 동면,,"Web, WAS에 대한 지식과 System application 운영 경험 - Shell script, python 활용 가능 - 해외 데이터센터 인프라 구축 또는 운영 경험 - 국가보훈대상자 및 장애인은 법령에 의거 우대..."
https://kr.indeed.com/viewjob?jk=9c367c22f4209e7f,Cloud Support Engineer - Deployment,Amazon Web Services Korea LLC 서울,,"One or more scripting language (e.g. Bash, PowerShell, Ruby, Python, ebextensions) · Networking protocols... HTTP, DNS..."
https://kr.indeed.com/viewjob?jk=20b5a95b14ab7935,Application Developer,Amazon Web Services Korea LLC 서울,,"experience (e.g. Java, Python, C++, Scala... 너와 서버리스 기술 경험 · 프로그래밍 언어 경험 (예 : Java, Python, C ++, Scala, Go, Ruby 등) · 애플리케이션 개발..."
https://kr.indeed.com/viewjob?jk=fe89862a190e9b16,챗봇 개발자,에스알유니버스 서울 마포구,"연봉 30,000,000원 - 35,000,000원","경력사항: 신입, 경력(연차무관)학력사항: 대학교(4년)졸업직무기술: Python, Linux, 자연어처리(NLP), 인공지능 챗봇, 인공지능 (AI... 게임>빅데이터·AI(인공지능)> Python|인터넷·IT·통신·모바일·게임..."
https://kr.indeed.com/viewjob?jk=ddec2a1729c2bfff,[ 국내 최고회사] Back-End 개발자,인코리아 프로페셔널 성남 분당구,,로그래머>백엔드|인터넷·IT·통신·모바일·게임>웹프로그래머>웹개발|인터넷·IT·통신·모바일·게임>웹프로그래머> Python|인터넷·IT·통신·모바일·게임>데이터베이스·DBA>NoSQL|인터넷·IT·통신·모바일·게임>데이터베이스...
https://kr.indeed.com/viewjob?jk=7ace109c28b9dae6,SENIOR ARCHITECT,Harman International 경기도,,"your technology knowledge in Product Security, Android, Python, System, Software, and Hardware Architecture, and System..."
https://kr.indeed.com/viewjob?jk=ea82b4a2cad63091,(주)엘솔루 R&D본부 ASR팀 개발직,㈜엘솔루 서울,,"제공 [필수사항] ㆍ프로그래밍에 재능 및 열정이 있는 자 ㆍJava, Python 중 하나 이상의 언어사용자 ㆍWeb 개발능력 ㆍ리눅스 사용 경험자... 머신러닝(ML)|인터넷·IT·통신·모바일·게임>응용프로그래머> Python"
https://kr.indeed.com/viewjob?jk=5528965f86b8cb00,[뉴플랫폼기술] 클라우드 아키텍트,한국카카오은행 성남 분당구,,인터넷·IT·통신·모바일·게임>응용프로그래머>클라우드|인터넷·IT·통신·모바일·게임>응용프로그래머> Python|인터넷·IT·통신·모바일·게임>통신·모바일>플랫폼(VM)|인터넷·IT·통신·모바일·게임>웹프로그래머> Python
https://kr.indeed.com/viewjob?jk=e5448ffc7d6ecf02,FPGA 플랫폼 엔지니어 (딥러닝 하드웨어 프로세서 개발),딥엑스 성남 분당구,"연봉 40,000,000원 - 100,000,000원","사용 경험(Chip Scope/SignalTap) - Language: Python/Perl, C/C++ - Vivado 또는 Synplify 또는... SignalTap) - Language: Python/Perl, C/C++..."
https://kr.indeed.com/viewjob?jk=afe92c03320fe1b3,카카오 광고 서비스 알고리즘 및 시스템 개발,카카오 4.0 성남 판교역,,"함께 하고 싶습니다. 지원자격(공통) 하나 이상의 프로그래밍 언어에 익숙한 분 (C/C++, Java, Python, Go, Scala 등) [알고리즘 개발 업무 관련 지원 경우] 데이터 마이닝 또는 머신러닝 지식/경험이..."
https://kr.indeed.com/viewjob?jk=cd40cf786e32f325,사내 및 서비스 보안 담당자 (경력),네오위즈 대한민국,,"GuardDuty, WAF, VPC Flow Logs 분석 등)이 있으신 분 - 각종 스크립트 언어(Perl, Python, shell script 등)의 활용 능력을 가진 분 - 모바일 게임 앱에 대한 보안 검수 경험이..."
https://kr.indeed.com/viewjob?jk=c39d18040425ef53,PostgreSQL 운영 및 데이터베이스 관리자 모집,카카오 4.0 성남 판교역,,"청하고 잘 이해하는 분 Database 운영 유경험자 ( PostgreSQL 운영 경험이 있으신 분 우대) python, go, bash 등 개발 경험이 있는 분 우대 클라우드 환경의 DB시스템 구축 및 운영 경험이 있는 분..."
https://kr.indeed.com/viewjob?jk=cae2de07045cfb2b,"Java, Python 영상툴 개발자",에이아이메이커 서울 마곡동,,원하면 가능) 담당업무 - 영상 라벨링 Tool 개발 - Tool 정확성 개선 자격요건 - Java - Python 우대사항 - 관련 개발 경력 - 툴개발 경력 근무조건 - 월~금 AM9:30 ~ PM18:30 복지...
https://kr.indeed.com/viewjob?jk=68ebd25161b59749,소프트웨어 프로그램 개발자,그림 경기도 광명,"연봉 33,000,000원 - 50,000,000원","직무내용] Python:Deep learning S/W 개발Visual... level imageprocessing)Jave;Ul program, python / C++검사프로그램과 통신공학계열, 해당 직무 경험, 정보처리기사..."
https://kr.indeed.com/viewjob?jk=98fea5db0006587a,SNOW Graphics 담당자,네이버 서울,,"토링, 디자인 패턴, ReactiveX 활용 경험 - Java, Swift(Objective C), Lua, Python 등 다양한 언어 경험 - ML 적용 경험 (Tensorflow 등) 전형절차 및 기타사항 - 접수기간..."
https://kr.indeed.com/viewjob?jk=0224e8cd9aba5320,Network Engineer,Blizzard Entertainment 서울,,Environment and troubleshooting Linux network configuration. Python/Bash scripting experience. Bachelor’s degree in computer...
https://kr.indeed.com/viewjob?jk=2ba9d984a21e03b1,[전문연구요원] R&D 부문 개발자 병역특례,스칼라웍스 서울 금천구,,"Data Analysis (R, SQL 등의 활용 능력 우대)3) Python Application 관련 개발 업무 (코딩 또는 문제해결) 4) ML... 게임>빅데이터·AI(인공지능)> Python|인터넷·IT·통신·모바일·게임..."
https://kr.indeed.com/viewjob?jk=59db18a2366b2c92,AI 분야 석/박사,LG CNS 3.7 서울,,"이상 (AI 관련 논문 발표) ② AI/딥러닝 알고리즘 연구개발 프로젝트 경험 ③ Ubuntu Linux, Python, Tensorflow, PyTorch 사용 중상급 이상 우대사항(해당 내용 중 1개 이상) ① AI/머신..."
https://kr.indeed.com/viewjob?jk=7167a9017f74cb92,프로그래머 신입/경력 정규직,스타플러스 서울 서초구,,용이 취소될 수 있습니다. 인터넷·IT·통신·모바일·게임>웹프로그래머> Python|인터넷·IT·통신·모바일·게임>웹프로그래머>웹개발|인터넷·IT·통신... 통신·모바일·게임>응용프로그래머> Python|인터넷·IT·통신·모바일·게임...
https://kr.indeed.com/viewjob?jk=22fce0a32d1b021c,Corporate Application Engineer – Calibre...,Mentor Graphics (Korea) LLC 4.0 경기도 성남,,"Linux OS, and previous experience with scripting or Tcl/ Python/Perl programming preferred Familiar with Siemens EDA’s Calibre..."
https://kr.indeed.com/viewjob?jk=b0a6480d9ba97da1,전 분야 R&D 개발자 (병역특례자),스칼라웍스 서울 금천구,"연봉 30,000,000원 - 32,000,000원","Development 관련 개발 2) Data Analysis 업무 (R, SQL 등의 활용) 3) Python Application 관련 개발 업무 4) 전산 이론 기초 (Data Structure, Algorithm) 5..."
https://kr.indeed.com/viewjob?jk=a1d687cd59776360,머신러닝 개발,Nexon 성남 분당구,,모델 개발 - 머신러닝을 위한 솔루션 프로토타이핑 - 머신러닝 파이프라인 설계 및 구축 지원자격 - Python에 숙련된 프로그래밍 능력과 머신러닝 라이브러리 활용 경험 - 머신러닝과 강화학습에 관련된 지식 습득 혹은...
https://kr.indeed.com/viewjob?jk=c0ffa15d7b0a267f,춘천성심병원 인공지능센터 연구원 채용 공고,한림대학교춘천성심병원 강원도 춘천,,데이터 구축 및 관리 데이터 수집 파이프라인 구축 및 표준화 데이터 분석 및 python 코딩 CDM 매핑 관련 업무 석사 학위 취득자 python 딥러닝 코딩 가능자 CDM 경험자 우대 서버관리 경험자 우대 계약직 2...
https://kr.indeed.com/viewjob?jk=b2661d357cf26c8f,플랫폼쉴드 시스템 개발,Nexon 성남 분당구,,"IP, 평판 등의 정보) 지원자격 - 전체 개발 경력 3~5년 - Python, Go 개발경력 우대(팀 내부 주 개발 언어가 Go, Python) - 비동기, 병렬처리 프로그래밍 기술 - OS, DB, H/W, 네트워..."
https://kr.indeed.com/viewjob?jk=b102b3d8f193a4c1,2021 GEDP (Global Engineering Developmen...,GE Appliances 경기도 성남,,using C programming language Scripting languages like Lua/ Python/JavaScript may also be used if needed Support connected...
https://kr.indeed.com/viewjob?jk=20d40ee61adffeca,챗봇 및 상담 플랫폼 서버 개발자 모집,카카오 4.0 성남 판교역,,"담시스템 코어 서버 개발 (kotlin/spring) QA 시스템 백엔드 서버 개발 (java/spring, python/flask) 챗봇 및 상담 통계 시스템 개발 (scala/spark) 위의 업무 중 하나에 참여하게..."
https://kr.indeed.com/viewjob?jk=a7a22c905ff6f1ea,"웹개발, ASP 외 신입/경력 정규직",엔잡얼라이언스 서울 금천구,,및 유지보수AI관련 개발 담당 Python 개발자(0명)- AI 솔루션... 게임>웹프로그래머> Python|인터넷·IT·통신·모바일·게임>웹디자인>웹디자인|인터넷·IT·통신·모바일·게임>빅데이터·AI(인공지능)> Python
https://kr.indeed.com/viewjob?jk=fec4bd361c177418,Associate Cloud Developer,Amazon Web Services Korea LLC 서울,,"languages: Java, Python, Ruby, Node.js... 동등한 수준의 STEM 관련 분야 학사 학위 혹은 경험 · Java, Python, Ruby, Node.js, C # 또는 C ++ 중 하나 이상의..."
https://kr.indeed.com/viewjob?jk=d13fce11058e6cf1,보안 모니터링 시스템 개발 및 운영 담당자 모집,카카오 4.0 성남 판교역,,"이터 분석을 위한 SIEM/ETL 플랫폼 개발/운영 지원자격 기본사항 경력 3년 이상 Java, Python 등의 언어로 개발 가능자 기본적인 웹 개발 및 Back-End 개발 가능자 DBMS 혹은 빅데이터(NoSQL..."
https://kr.indeed.com/viewjob?jk=5adad8124119dd14,Presales Specialist-Advanced Analytics &...,SAP 4.3 서울,,"Azure, or SAP Cloud Platform Programming expertise in C, C++, Python... R. Data modeling in both SQL & NoSQL Databases..."
https://kr.indeed.com/viewjob?jk=d69b5a1e60c65ce6,데이터 마케팅 경력사원,LG전자 3.8 서울 영등포구,,"능력 보유자 (SQL, R, Python, Scalar, Hadoop 등... 운영 경험자 - CRM 캠페인 기획/운영 경험자 - SQL, R, Python 등 통계 패키지 활용 자격증 보유자 모집기한: ~ 본 포지션 채용 시점..."
https://kr.indeed.com/viewjob?jk=3d6c266ae2b4771e,[카카오맵] 검색/추천 개발자 모집,카카오 4.0 성남 판교역,,"로그 분석 품질 개선점 도출 사용자 피드백 분석 로그 분석 시스템 개발 지원자격 사용하는 기술셋 Python, Java Flask, Spring ML, Pandas SQL, Spark, Hadoop Echo System..."
https://kr.indeed.com/viewjob?jk=a50fce6cc2cb57c9,자연어처리전문가 금융챗봇 만들어 갈 엔지니어,파운트 서울 충정로역,,리에 필요한 알고리즘을 개발하고 Python으로 구현 및 성능 검증을 진행... Description - 자연어 처리에 필요한 알고리즘을 개발하고 Python으로 구현 및 성능 검증을 진행 - 자연어 전처리 (형태소 분석...
https://kr.indeed.com/viewjob?jk=7a94b6093a374c8e,Data Scientist,뱅크샐러드 서울 영등포구,,"기반 예측, 모델링 프로젝트 경험자 데이터 분석/모델링을 위한 언어 및 프레임워크 사용에 익숙하신 분 ( Python, R, SQL, Pandas, TensorFlow, Pytorch, Spark 등) 회사 내부 구성원들과..."
https://kr.indeed.com/viewjob?jk=a4b72e38fb50bde0,콘텐츠서비스개발- 데이터엔지니어,Nexon 성남 분당구,,"ecosystem 에 대한 이해 - Python, Scala 등의 프로그... 경험이나 운영 경험 - 소프트웨어 빌드 및 배포 자동화 경험 - Python 또는 NodeJS를 활용한 시스템 개발 경험 - 프론트엔드 및 웹..."
https://kr.indeed.com/viewjob?jk=1a75ce748c5f24e9,TOAST CAM 임베디드 개발,NHN 4.4 성남 판교역,,"또는 석사 학위 또는 그에 준하는 실무 경험자 (신입 지원가능) - 임베디드 환경에서 영상 처리 경험자 - Python, C++ 개발 경험 - 딥러닝 프레임워크, 컴퓨터 비젼 경험자 - Visual Object..."
https://kr.indeed.com/viewjob?jk=8d9886b30bd6638f,Application(앱) 개발자 정규직(경력사원) 모집,GS건설 3.4 서울 종로구,,"격요건 참조 0명 공통자격요건 1. 정규 4년제 대학졸업자 (전공 무관) 2. 프로그램 개발 기술 보유 ( Python, C/C++, Java, Kotlin, Swift, Javascrip 등) 3. App.개발(Android..."
https://kr.indeed.com/viewjob?jk=3cf01580ba5eb23a,NLP Researcher,AITRICS 서울,,"Stacks [Back-end] Language: python, golang Python Framework: Django, Bottle [Front... Language: python, golang Python Framework..."
https://kr.indeed.com/viewjob?jk=1e974ff27c6eb340,Autonomous Driving 분야 엔지니어,포티투닷 서울 강남구,,"프로그래밍 기술 (C/C++, Python 등) - 이동 로봇/드론 관련... platform 개발 경험 - 뛰어난 프로그래밍 기술 (C/C++, Python) - 3D geometry, math, physics 관련 경험 및..."
https://kr.indeed.com/viewjob?jk=43f8edb38c7888c7,위메프오 서버개발자(정규직),위메프 2.8 대한민국,,"데이터베이스 분산설계 및 미들웨어 개발 [자격사항] - 서버 프로그래밍 언어(PHP, Go, C/C++, Python, Java) 중 1개 이상 사용이 가능한 분 - 자료구조, 알고리즘, 분산처리 등 SW관련 기본지식 보유..."
https://kr.indeed.com/viewjob?jk=9f7793affee60ccc,"Sales Engineer (Pre-Sales), Korea",Recorded Future 서울,,"required Technical skills: Coding experience preferred (i.e. Python), JSON familiarity a plus Experience in an analytical..."
https://kr.indeed.com/viewjob?jk=752a4b5d63eac97c,Back-end Engineer (Python),Soomgo 서울 강남구,,숨고의 백엔드 엔지니어( Python)는 숨고의 기반 기술을 담당하는 매우... 5년 이상의 웹/앱 서비스 백엔드 시스템 개발 경험이 있는 분 • Python 언어를 활용한 개발 경험이 있는 분 • 성능 최적화에 대해 지속적으로...
https://kr.indeed.com/viewjob?jk=c41c0a3426344063,"각 부문별(디지털, 글로벌AE, 제작관리) 경력사원",지투알 서울,,"Analytics 또는 Google Analytics) 경험자 - Python, R, SQL 역량 보유자 - 마케팅 관련 정량 분석 경험자 - 데이터... 영어 가능자 우대 - R, Python 활용 가능자 근무지 : 본사(마포..."
https://kr.indeed.com/viewjob?jk=68a69dd27ac61230,(데이터개발) 데이터 엔지니어,Nexon 성남 분당구,,"끊임없이 흐르는 데이터를 모니터링하고 오류를 감지하는 시스템을 구축 지원자격 - Linux 환경에서 Python, Scala, Java, Go 중 한 가지 이상의 언어로 개발이 가능하신 분 - 자료구조, 알고리즘, 데이터..."
https://kr.indeed.com/viewjob?jk=9adbc290202846e1,[아이브릭스] 기업부설연구소 전문연구요원,아이브릭스 성남 분당구,,모바일·게임>응용프로그래머>JAVA|인터넷·IT·통신·모바일·게임>응용프로그래머>자바스크립트|인터넷·IT·통신·모바일·게임>빅데이터·AI(인공지능)>머신러닝|인터넷·IT·통신·모바일·게임>빅데이터·AI(인공지능)> Python
https://kr.indeed.com/viewjob?jk=6ac83986c1779aee,프로그래머 (어플리케이션 개발자 또는 웹개발자),오너클랜 서울 금천구,,인터넷·IT·통신·모바일·게임>응용프로그래머>자바스크립트|인터넷·IT·통신·모바일·게임>응용프로그래머> Python|인터넷·IT·통신·모바일·게임>응용프로그래머>C#|인터넷·IT·통신·모바일·게임>웹프로그래머>웹개발|인터넷...
https://kr.indeed.com/viewjob?jk=b621e8783c52c14d,"빅데이터, 인공지능(AI) 외 신입/경력 정규직",에스알유니버스 서울 마포구,"연봉 21,870,000원 - 25,000,000원","력사항: 신입, 경력(연차무관)학력사항: 대학(2,3년)졸업직무기술: Python, openCV, 머신러닝/딥러닝, 개발자, 어플리케이션개발, 빅데이... 무관 (신입도 지원 가능) 1. python 중상, 인터넷·IT·통신·모바..."
https://kr.indeed.com/viewjob?jk=1fc6684a342630d0,[네카라쿠배 취업] 이미지 분석 기반의 인공지능 플랫폼 개발자 양성과정...,에이콘아카데미 서울 중구,,통신·모바일·게임>웹프로그래머> Python|인터넷·IT·통신·모바일·게임... 로그래머>머신러닝(ML)|인터넷·IT·통신·모바일·게임>응용프로그래머> Python|인터넷·IT·통신·모바일·게임>응용프로그래머>증강현실(AR)|인터넷...
https://kr.indeed.com/viewjob?jk=cae2de07045cfb2b,"Java, Python 영상툴 개발자",에이아이메이커 서울 마곡동,,원하면 가능) 담당업무 - 영상 라벨링 Tool 개발 - Tool 정확성 개선 자격요건 - Java - Python 우대사항 - 관련 개발 경력 - 툴개발 경력 근무조건 - 월~금 AM9:30 ~ PM18:30 복지...
https://kr.indeed.com/viewjob?jk=a9cdc775704ea238,코어 시스템 DevOps 엔지니어,Nexon 성남 분당구,,"경험이 있으신 분 - C++, C# 언어 사용에 능숙하신 분 - 스크립트 언어(Powershell, Python 등) 사용 경험이 있으신 분 - Android와 iOS등 모바일 플랫폼 빌드 및 배포 파이프라인에 대한..."
https://kr.indeed.com/viewjob?jk=49526de7ae1c788c,[TmaxCloud/기술] ProLinux QA,티맥스소프트 성남 분당구,,"사용 경험(RHEL, CentOS 등..) - ISTQB/CSTS 등 자격증 보유자 - 테스트 자동화용 Shell script 작성 경험자 - Python 사용 경험자 모집기간 2021/05/03 ~ 2021/05/31"
https://kr.indeed.com/viewjob?jk=9040dba1c8db2a5d,퀀트운용팀 (사원-대리급),신한비엔피파리바자산운용 대한민국,,지식 보유자 - 투자자산운용사 자격증 소지자 우대 - CFA/CAIA/CPA 자격증 소지자 우대 - VBA/ Python 활용한 업무 가능자 우대 - 관련 전공 및 석박사 학위/금융 관련 자격증 보유자 우대 3. 전형방법...
https://kr.indeed.com/viewjob?jk=a1847e26c0c636e9,Customer Quality Engineer for RFFE (Seni...,Qualcomm CDMA Technologies (Korea) YH 서울,,"Reliability Engineer (CRE) - ASQ Skills: Php Mysql, Python, QA Methodologies, SQL Script, Troubleshooting Applicants..."
https://kr.indeed.com/viewjob?jk=6dd6df0289d55d06,Support Engineer,Microsoft 4.2 서울,,"script-based development environments and tools (PERL, Python, Ruby, PhP, etc.) • Experience in Core Linux administration..."
https://kr.indeed.com/viewjob?jk=9f3584bb8608ccfc,데이터베이스 관리자,아이엠아이 전주 덕진구,"연봉 30,000,000원 - 32,000,000원","이해 - 시스템 안정성을 위한 모니터링 및 알림도구 구축 경험 - 모니터링 지표에 대한 이해 - Ruby, Python 상세모집요강 접수기간/방법 지원방법 전형절차 및 제출서류 제출서류 이력서에 응시분야, 연락처, 희망연봉 기재"
https://kr.indeed.com/viewjob?jk=d8a8869ab092f731,데이터 엔지니어 및 사이언티스트,카카오 4.0 성남 판교역,,"등 데이터 엔지니어와 사이언티스트의 업무를 경계 없이 수행하게 됩니다. 지원자격 개발 경력 3년 이상 Python, Scala, Java, C++ 중 하나 이상의 언어에 능통 SQL 또는 HiveQL에 능통 대용량 데이..."
https://kr.indeed.com/viewjob?jk=1c4f1c0b625f5abd,데이터 사이언티스트 직군 모집,넷마블 서울 구로구,,"요건 - 관련 분야 경력 3년 이상 - 정형/비정형 데이터 분석 및 모델링 가능 - 통계 분석 도구 (R, Python, Tensorflow 등) 및 SQL 사용 가능 - 다양한 직군의 사람들과 원활한 커뮤니케이션 및 협업..."
https://kr.indeed.com/viewjob?jk=215560c82215171d,(주)이루텔럭키 소프트웨어개발자,이루텔럭키 경기도 군포,,"MS SQL, Oracle, MySQL 등 DBMS 설계 및 운영 가능자 - 웹, DB서버 구축 및 유지 가능자 인터넷·IT·통신·모바일·게임>웹프로그래머>JAVA|인터넷·IT·통신·모바일·게임>웹프로그래머> Python"
https://kr.indeed.com/viewjob?jk=6fc2719750916dd3,Deep Learning Engineer,Intel 4.1 서울,,MxNet - Strong programming skills with C/C++ and Python - Experiences in programming and testing on Linux environment...
https://kr.indeed.com/viewjob?jk=fe89862a190e9b16,챗봇 개발자,에스알유니버스 서울 마포구,"연봉 30,000,000원 - 35,000,000원","경력사항: 신입, 경력(연차무관)학력사항: 대학교(4년)졸업직무기술: Python, Linux, 자연어처리(NLP), 인공지능 챗봇, 인공지능 (AI... 게임>빅데이터·AI(인공지능)> Python|인터넷·IT·통신·모바일·게임..."
https://kr.indeed.com/viewjob?jk=112e58d399a83a19,BIM Manager,SYSTRA 서울,,"Openroads, Navigator. Microsoft: Office 365. IT language: Python (A plus) Others: Dynamo (A plus) Job Segment: Engineer..."
https://kr.indeed.com/viewjob?jk=e68fb7266d303968,Machine Learning 개발자 정규직(경력사원) 모집,GS건설 3.4 서울 종로구,,"2) Machine Learning 관련 기술 및 경험 보유 3) 프로그램 개발(C/C++, Java, Python, etc.) 기술 보유 4) AWS 혹은 기타 클라우드 플랫폼에 대한 경험과 지식 보유 5) 대용량 데이터..."
https://kr.indeed.com/viewjob?jk=d83fc0dd2641f483,전문연구요원 (병역특례) 수시 (AI / SW 분야),딥엑스 성남 분당구,"연봉 40,000,000원 - 100,000,000원",요구 능력] - ASM/C/C++/ Python 언어 코딩 기술 - 운영체제... 경험 - Windows/Linux 상에서 C++/ Python 언어 사용 개발 경험 - C++ / Python 언어 사용 개발 경험 - 객체지향 설계에...
https://kr.indeed.com/viewjob?jk=2300bd303b6f3ead,(기술전략) 클라우드 기반 AI 기술 개발 인턴 영입,카카오엔터프라이즈 성남 삼평동,,"및 Kakao i AI 기술의 비교 분석 - 그 외 팀 업무에서 요구되는 어플리케이션 개발 지원자격 - Python, JavaScript, Java, C/C++ 등 웹서비스 개발 언어 사용 가능자 - Linux 사용..."
https://kr.indeed.com/viewjob?jk=44f16e94e3e6b589,"Staff Software Engineer, Maps & Navigati...",Tesla 서울,,"industry Fluency in English Proficient in one of C++, Python Experience writing and shipping customer-facing code High..."
https://kr.indeed.com/viewjob?jk=833a4d9bb5840b70,Senior Data Scientist (Korea),FPT Software 대한민국,,"deploy custom code in a variety of environments ( Python, SAS, R, etc.) to create predictive analytics applications. Use..."
https://kr.indeed.com/viewjob?jk=62d6e765a010b922,【일본/미나토구 근무】게임 운영 회사 데이터 사이언티스트【한국어 필수】,株式会社ネクソン 대한민국,,求める人材: * 【必須経験】 ・機械学習や統計知識を利用した実務経験1年以上 ・プログラミングの実務経験( Python、C++、Javaのいずれか)1年以上 ・韓国語 ビジネスレベル(上級)以上 【歓迎経験】 ・ゲームの開発経験、運用経...
https://kr.indeed.com/viewjob?jk=634bb1f5a4ecd428,"블록체인 , 거래소 개발자",알라딘글로벌알앤디센터 서울 강남구,,"ㆍJava , Node , Go , Python 등 1개 이상의 언어 개발... 모바일·게임>웹프로그래머> Python|인터넷·IT·통신·모바일·게임>응용프로그래머>JAVA|인터넷·IT·통신·모바일·게임>응용프로그래머> Python"
https://kr.indeed.com/viewjob?jk=8b2bd493201ff05b,"(python, C++) 반려 로봇 시스템 개발자",와이닷츠 서울 성북구,"연봉 30,000,000원","단위 소프트웨어의 기능(센서 정보 통합, 모터 제어 등)을 명확하게 정리하고, 시스템에 통합 자격요건 - Python, C/C++ 활용이 가능한 분 - git (git flow)을 활용할 수 있는 분 - IoT 기기 연동..."
https://kr.indeed.com/viewjob?jk=116009dbf59211ed,퍼즐데이터 역량있는 데이터 분석가,주식회사퍼즐데이터 서울 역삼동,,"데이터 마이닝 및 통계분석에 대한 전반적인 이해 3. 관련분야(산업공학, 통계 등) 전공 4. R or Python 사용 능력 * 이런 분은 더욱 좋아요. 1. 프로세스 마이닝 지식 보유자 2. 관련분야 대학원 전공 3..."
https://kr.indeed.com/viewjob?jk=a47b7e97d5e45c9c,TEAM LEAD,Harman International 경기도,,"your technology knowledge in Product Security, Android, Python, System, Software, and Hardware Architecture, and System..."
https://kr.indeed.com/viewjob?jk=138e05647829b0bd,웹개발자,에이치앤원 서울 서초구,"연봉 26,000,000원 - 28,000,000원","무관 기타 담당업무 1. Job Description ( 직무 ) - 웹개발 or 앱개발(안드로이드) - Python, ASP.NET, JAVA - DB : MS-SQL - 머신러닝 추천시스템 개발 ?2. 급여 : 협의가능..."
https://kr.indeed.com/viewjob?jk=1d2b22a2bcd3256f,[AI/Lab] AI 백엔드 엔지니어 (마케팅 분야),버즈니 서울,,"으로 마케팅 인사이트 도출 – 보유하고 있는 빅 데이터를 활용하여 마케팅 인사이트 도출 이런 분을 찾습니다 Python 프로그래밍에 능숙하신 분 DB, 통계, 컴퓨터 기반 기술에 대한 이해를 가지신 분 이런 분은 더욱 좋습니..."
https://kr.indeed.com/viewjob?jk=56add096e14a7879,AI 연구 및 개발 직군 모집,넷마블 서울 구로구,,"위한 엔지니어링 - 서비스 개발을 위한 클라우드/ Rest-API / 웹서비스 구축 등 자격요건 - Python에 능숙하고 C/C++ , C#등 언어에 대한 활용능력 - 딥러닝 프레임워크 사용 가능 (Pytorch 혹은..."
https://kr.indeed.com/viewjob?jk=d585814d097935eb,카카오톡 보이스톡/페이스톡/라이브톡 개발자 모집,카카오 4.0 성남 판교역,,"우대 사항 ✓ Spring/Java 혹은 Spring/Kotlin 기반 서버 개발 경험 ✓ MySQL, Python, JavaScript, Node.js 경험 ✓ 모바일/웹 환경을 위한 API 시스템 개발 경험 ✓ k8s..."
https://kr.indeed.com/viewjob?jk=4a70568074a1695a,Data Engineer - IBM Garage,IBM 3.9 서울,,"Competitive products Deep skills on Data Warehouse, ETL, Python, Java and related algorithms. Expert Level – SQL, NoSQL..."
https://kr.indeed.com/viewjob?jk=166aa0c72e94a266,Business Data Analyst,Soomgo 서울 강남구,,"즈니스에 적용하고 개선한 경험 (Google Optimize, Optimizely, 등) 우대사항 • Python 또는 R 을 사용하여 데이터 분석에 활용 가능 • 경영학, 통계학, 경제학, data analysis 등..."
https://kr.indeed.com/viewjob?jk=f9724dd3175446f1,Knowledge AI Research 모집,엔씨소프트 2.7 성남 판교역,,하는 능력 B. 기술 탐색 및 문제해결능력 C. 기반기술에 대한 개발 능력( R/ Python/Java ) 우대사항 1. Python 개발역량 보유 2. 다양한 DB로 부터의 데이터 핸들링 경험 3. AI기술 실제 서비스...
https://kr.indeed.com/viewjob?jk=3d8c890cd0f75b23,Field Code Scanning Architect,Github 서울,,"languages: C, C++, C#, JAVA, JavaScript/TypeScript, Python, Haskell, Ruby and Go. Experience with relational databases..."
https://kr.indeed.com/viewjob?jk=0b05f7fff851371a,게임 런처 개발,Nexon 성남 분당구,,르고 안정적으로 게임을 실행할 수 있도록 함께 고민하고 개발하실 분을 찾습니다. 지원자격 - C++ 혹은 Python 프로그래밍 언어 능숙자 - 비동기 및 병렬처리 프로그래밍 경험 우대사항 - Modern C++ (11...
https://kr.indeed.com/viewjob?jk=33caa1d9a2c68113,클라우드 데이터플랫폼 운영 엔지니어,NHN SOFT 4.4 성남 판교역,,"력자 -대외 고객 기술 지원 경험자 -클라우드 플랫폼 운영 경험자 -2년 이상의 개발 경험자(Java, Python 등) -Hadoop 에코시스템을 통한 데이터 수집, 처리 및 지표 분석 경험 본 채용은 상시 채용으..."
https://kr.indeed.com/viewjob?jk=464ef95516a5fa5c,8퍼센트 경력 개발자,8퍼센트 서울 종로구,,"개발업무 - 금융 서비스 개발 - Python/Django 기반 - 정해진 역할이 아닌 기능에 따른 업무 분배 - 프로트엔드부터 백엔드까지 업무 범위... SQL 기본 - git flow - python, django 경험자 우대"
https://kr.indeed.com/viewjob?jk=dee1c9e840dc5691,Staff Field Applications Engineer,Dolby 서울,,"Dolby’s ecosystem, products, business, and customers. Python coding skills. Interest in music, game/film audio or video..."
https://kr.indeed.com/viewjob?jk=620ad067957fff84,클라우드 엔지니어,고도소프트 서울 구로구,,"새로운 환경을 익히는 것에 즐거움을 느끼시는 분 - DevOps개발자로 성장하고 싶으신 분 우대사항 - Python 개발 경험이 있으신 분 - 대용량 트래픽 및 트래픽 분산 처리 경험이 있으신 분 - Ansible, Chef..."
https://kr.indeed.com/viewjob?jk=36c48cb9bc2758cb,매칭 기획,Nexon 성남 분당구,,"경험이 있다면 더 좋습니다. - 확률 및 통계에 대한 기본적인 지식이 있다면 더 좋습니다. - SQL, Python 등을 사용해 기초적인 데이터 분석, 머신러닝 등을 다루는 데에 관심이 있으면 더 좋습니다. - FIFA..."
https://kr.indeed.com/viewjob?jk=ef08f48de13733ad,(공채) 2021년 수시채용-물류개발(제어),에스에프에이 아산 둔포면,,"장비 제어 프로그램 개발 가능(PC기반 자동화) -PC 기반 영상처리 소프트웨어 개발 가능(머신비전) -PC( Python, C++, C#) 프로그래밍 역량 보유 -해당경력 3년 이상 보유 [우대사항] -물류자동화 시스템..."
https://kr.indeed.com/viewjob?jk=409c1253b2dde75b,동국대학교 데이터분석팀 연구원(계약직) 채용공고,동국대학교 4.3 서울 필동,,"자 4) 남자의 경우 병역필 또는 면제자 5) 한글, MS OFFICE 등 기본 문서작업 가능자 6) Python, R 프로그래밍 언어 사용 가능자 우대 2. 모집인원 : O명 3. 근무조건 및 계약기간 구 분..."
https://kr.indeed.com/viewjob?jk=5d30d12b06f56d55,통신사프로젝트(SI/PYTHON/6개월/종각역),디와이즈 서울 서대문구,,"스킬: Python,분석설계 가능하신분 주식회사 디와이즈 [통신사 Python 개발자 모집] 모집부문 및 자격요건 모집부문 담당업무 및 자격요건 인원 통신사 PYthon 유지보수 [담당업무] · 통신사 Python 개발..."
https://kr.indeed.com/viewjob?jk=419692b3ddb34768,Analytics Specialist,MightyHive 서울,,"end languages ( Python, NodeJS, PHP, etc... HTML5 / CSS / JavaScript, 기타 프론트 엔드 언어 ( Python, NodeJS, PHP 등) 등 읽고 쓰는 능력 기본 혜택..."
https://kr.indeed.com/viewjob?jk=e64d2f1e2de938b4,Solutions Architect,Amazon Web Services Korea LLC 서울,,"languages... Ruby, Python and Node... 현대 개발 언어에 대한 실무적 지식: 루비 (Ruby), 파이썬 ( Python), Node.js 등 · 개발자 및 IT 운영자 대상의 신기술 전파에..."
https://kr.indeed.com/viewjob?jk=9e1861e691426a98,Field AI Engineer,Graphcore 서울,,"hardware acceleration technologies Experience with Python and C++... depth knowledge of computer architectures, high..."
https://kr.indeed.com/viewjob?jk=6b86ea39985912b6,NHN Cloud 사업기획/영업,NHN 4.4 성남 판교역,,"Linux, Microsoft Solutions 등) - 2년 이상의 개발 경험 (Java, Python 등) - 기술 문서 작성 및 가이드 경험이 풍부한 자 - 대외 고객 기술 지원 경험 공통지원자격..."
https://kr.indeed.com/viewjob?jk=d017610d9828199c,"드론 데이터 스타트업, 엔젤스윙 엔지니어",엔젤스윙 서울 관악구,,"Ruby on Rails, Python, C++, AWS AWS, GCP... 기반 웹서비스 개발 경험 디버깅, 최적화 스킬 Javascript, Python, C++ 등 개발언어 중 자신있는 언어가 1가지 이상 있으신 분..."
https://kr.indeed.com/viewjob?jk=6d0095647ec5d2a4,광고데이터플랫폼 개발자 모집,카카오 4.0 성남 판교역,,"무와 데이터 파이프라인 시스템 설계/구축/관리 업무를 수행하게 됩니다. 지원자격 개발 경력 3년 이상 Python, Java, Kotlin, Scala 중 하나 이상의 언어에 능통 SQL 또는 HiveQL에 능통 대용량..."
https://kr.indeed.com/viewjob?jk=489f19028e8a723b,통합인터페이스 백엔드 서버 개발,Nexon 성남 분당구,,"게임 빅데이터 실시간 처리 시스템 개발 지원자격 - 백엔드 서버 개발 경력 3년 이상 - Java, Python, Javascript 중 1개 이상의 프로그래밍 경험 - HTTP API 설계 및 개발 경험 - MSA..."
https://kr.indeed.com/viewjob?jk=80a65fe76f39fe46,[PUBG: NEW STATE] Data Analyst,PUBG 서울,,"https://stackshare.io/pubg/xtrm-data 자격 요건 관련 경력 2년 이상 Python, SQL 등을 활용한 데이터 분석 경험자 데이터 시각화에 관심 많으신 분 한국에 거주하며, 한국어 의사소통..."
https://kr.indeed.com/viewjob?jk=f21889e79ef40569,Senior AI/ML Consultant,Amazon Web Services Korea LLC 서울,,Experience using Python... R · Able... 또는 데이터 과학자 이력. 머신러닝 또는 딥러닝 모델 구축 경험 · Python 및 / 또는 R 사용 경험 · 우수한 프로덕션 레벨의 코드 구현 및...
https://kr.indeed.com/viewjob?jk=ad07d6a330fb619a,NHN Cloud 운영 및 기술지원,NHN 4.4 성남 판교역,,"Linux, Microsoft Solutions 등) - 2년 이상의 개발 경험 (Java, Python 등) - 기술 문서 작성 및 가이드 경험이 풍부한 자 - 대외 고객 기술 지원 경험 - Windows..."
https://kr.indeed.com/viewjob?jk=6fe5311eacbea17a,데이터 인프라 담당자 모집,카카오 4.0 성남 판교역,,"어링 5년 이상 업무 경험 보유자 하둡 에코시스템 기반 대용량 데이터의 수집, 가공이 가능한 분 Java, python, go, bash 등 언어 중 하나 이상 활용 가능하신 분 #우대사항 데이터 분석가, 머신러닝 전문가..."
https://kr.indeed.com/viewjob?jk=b9a9af798e9d24a5,보안 개발자 모집,넷마블 서울 구로구,,"이상의 웹 프레임워크 사용 숙련자 - 신기술 습득과 개발을 좋아하며 동료와 함께 성장하고 싶으신 분 우대사항 - Python(django, flask)을 이용한 back-end 개발 경험 있으신 분 - javascript..."
https://kr.indeed.com/viewjob?jk=89d77bb1e2a0584c,[NeuroTx] 백엔드 신입/경력 정규직,케이유엠텍 서울 성북구,"연봉 33,000,000원 - 50,000,000원",인터넷·IT·통신·모바일·게임>웹프로그래머> Python|인터넷·IT·통신·모바일·게임>웹프로그래머>백엔드|인터넷·IT·통신·모바일·게임>웹프로그래머>웹개발
https://kr.indeed.com/viewjob?jk=5fabc892216e1c62,[Data Science Div - Business Insights De...,PUBG 서울,,"analytics... digital, consumer facing company Knowledge of Python and Spark Experience with large individual customer..."
https://kr.indeed.com/viewjob?jk=f82d43304292790f,Security Engineer,Amazon Web Services Korea LLC 서울,,"C, and C++ · Experience with scripting languages... Python, Perl, or Ruby Amazon Devices designs and engineers high..."
https://kr.indeed.com/viewjob?jk=3330430ae94277db,[타다]데이터 분석가/사이언티스트,쏘카 제주도 제주,,"통계에 대한 지식 및 머신러닝에 대한 지식을 보유하고 있으며, 데이터 분석 실무 경험이 풍부하신 분 • R, Python(Pandas, Numpy, Scikit-learn) 등의 데이터 분석을 위한 언어를 1개 이상 능숙하게..."
https://kr.indeed.com/viewjob?jk=a3a65a4d59061430,위시켓과 함께할 서버개발자님,위시켓 서울 강남구,,"를 활용한 정적 페이지 연계 - Docker, Jenkins 등을 활용한 CI/CD 개선 자격조건 - Python 기반의 프레임워크를 이용한 웹서비스 구축 또는 운영 경험 - Django 기반의 웹 서비스 구축 또는 운영..."
https://kr.indeed.com/viewjob?jk=20b5a95b14ab7935,Application Developer,Amazon Web Services Korea LLC 서울,,"experience (e.g. Java, Python, C++, Scala... 너와 서버리스 기술 경험 · 프로그래밍 언어 경험 (예 : Java, Python, C ++, Scala, Go, Ruby 등) · 애플리케이션 개발..."
https://kr.indeed.com/viewjob?jk=d31ab9cefeeef71b,[최고인기과정] 게임 각 분야 국비지원 교육 참여자,SGA 서울게임아카데미 서울 종로구,,백엔드|인터넷·IT·통신·모바일·게임>웹프로그래머>프론트엔드|인터넷·IT·통신·모바일·게임>웹프로그래머> Python|인터넷·IT·통신·모바일·게임>응용프로그래머>C·C++|인터넷·IT·통신·모바일·게임>응용프로그래머>JAVA...
https://kr.indeed.com/viewjob?jk=2b7c67c7f1fe78ff,PI&CS Engineer (Process Information & Co...,3M 4.0 전라남도,,"manufacturing applications Experience in language like C#, Python, Java, Java Script(one or more) Be fond of learning..."
https://kr.indeed.com/viewjob?jk=eecaec8b148d7be2,대기업 시큐리티 카메라 SoC 개발자 (판교),인파트너스 서울,"연봉 60,000,000원 - 70,000,000원","VHDL RTL 설계- System-Verilog 및 UVM 설계- Python, C/C++ 가능- Timing report 분석 가능(DC,PT... 게임>빅데이터·AI(인공지능)> Python|인터넷·IT·통신·모바일·게임..."
https://kr.indeed.com/viewjob?jk=18b288e9021d899f,NAVER IDC 서버 운영/관리,NIT Service 춘천 동면,,"Web, WAS에 대한 지식과 System application 운영 경험 - Shell script, python 활용 가능 - 해외 데이터센터 인프라 구축 또는 운영 경험 - 국가보훈대상자 및 장애인은 법령에 의거 우대..."
https://kr.indeed.com/viewjob?jk=8505327d37e8b9cd,Sr Field Engineer I,Raytheon Intelligence & Space 경기도 오산 +1 지역,,"Redhat Linux System Administration, UNIX shell/PERL/ python scripting, Cisco network administration, Oracle or Weblogic..."
https://kr.indeed.com/viewjob?jk=dd4d8e59a4a9265d,Data Specialist (Scientist&&Engineer),아우름플래닛 서울 마포구,,"Tensorflow, Keras, Pytorch, Theano 등)를 하나 이상 사용할 수 있는 분 • R, Python, Scala, SQL 등을 이용한 데이터 분석 및 프로그램 개발 능력이 있는 분 • 데이터 분석 기법..."
https://kr.indeed.com/viewjob?jk=95a0f2fb491b91ce,AI 플랫폼 Infra 개발 및 운영 경력사원 채용,한화그룹 4.2 서울,,"자격요건] Docker/Kubernetes/Cloud 개발 운영 경력보유(1년이상) 프로그래밍(java, python,scala) 역량 보유 [우대요건] 컨테이너 기반 DevOps 개발 운영 경험 Micro Service..."
https://kr.indeed.com/viewjob?jk=04d685fc70b67d4e,Linux/Python/PHP/MySQL/백엔드 정규직 경력,일루미나리안 용인 보정동,,"보유 - DBMS(MySQL or MariaDB), scripting Language: bash, python, OOP 언어 중 가능자 - Back-End 서버를 개발해 보신 분 [우대사항] - Go(aka GoLang..."
https://kr.indeed.com/viewjob?jk=5a1640fab7ba0017,㈜엔잡얼라이언스 IT분야 웹개발/모바일개발/AI개발/웹디자이너,엔잡얼라이언스 서울 금천구,,"담당자, AI관련 개발 담당 Python 개발자, 웹디자인/퍼블리싱 담당자... 로그래머웹프로그래머, ASP, JAVA, MySQL, Python 인공지능(AI).빅데이터 Python, TensorFlow 산업별(업종) 포털.컨텐츠..."
https://kr.indeed.com/viewjob?jk=66e081df7ffac962,인공지능 임베디드 리눅스 개발자,이편한자동화기술 대전 유성구,"연봉 24,000,000원 - 40,000,000원","시면 확인하실 수 있습니다. [기타 우대내용] -ARM계열 Embedded Linux개발자(Ubuntu.등)- Python프로그램 언어 가능자-TensorFlow, PyTrch 프로그램 언어 가능자-OpenCV관련-SBC(젯슨..."
https://kr.indeed.com/viewjob?jk=2d0dbed939566077,솔루션 개발자,고도소프트 서울 구로구,,"유사 쇼핑몰 솔루션 개발 경험 있으신 분 - 분산환경에서의 Application 개발 경험 있으신 분 - PHP 외 Java, Python등의 언어로 개발 경험 있으신 분 - 클라우드 환경에서의 개발 경험 있으신 분 비고"
